<!-- Taxonomy Development Handbook (July 2020), XBRL US -->
<!-- Appendix A - Widget Taxonomy Example XBRL Report -->
<!-- XBRL as XML -->

<?xml version="1.0" encoding="UTF-8" ?>
<xbrli:xbrl xmlns:xsi="http://www.w3.org/2001/XMLSchema-instance"
	    xmlns:xlink="http://www.w3.org/1999/xlink"
	    xmlns:link="http://www.xbrl.org/2003/linkbase"
	    xmlns:xbrli="http://www.xbrl.org/2003/instance"
	    xmlns:xbrldt="http://xbrl.org/2005/xbrldt"
	    xmlns:xbrldi="http://xbrl.org/2006/xbrldi"
	    xmlns:ref="http://www.xbrl.org/2006/ref"
	    xmlns:iso4217="http://www.xbrl.org/2003/iso4217"
	    xmlns:widget="http://xbrl.us/2019/widgetexample"
	    xmlns:WCo="http://widgetco.com/2020-03-31">

    <link:schemaRef xlink:href="widget-2019-12-31.xsd" xlink:type="simple" />

    <!-- Contexts -->
    <xbrli:context id="From2019-01-01to2019-05-31">
      <xbrli:entity>
        <xbrli:identifier scheme="http://www.irs.gov/TaxIdentifier">00-12345678</xbrli:identifier>
      </xbrli:entity>
      <xbrli:period>
        <xbrli:startDate>2019-01-01</xbrli:startDate>
        <xbrli:endDate>2019-05-31</xbrli:endDate>
      </xbrli:period>
    </xbrli:context>
    <xbrli:context id="From2019-01-01to2019-05-31_CircularMember">
      <xbrli:entity>
        <xbrli:identifier scheme="http://www.irs.gov/TaxIdentifier">00-12345678</xbrli:identifier>
        <xbrli:segment>
          <xbrldi:explicitMember dimension="widget:WidgetTypeAxis">widget:CircularMember</xbrldi:explicitMember>
        </xbrli:segment>
      </xbrli:entity>
      <xbrli:period>
        <xbrli:startDate>2019-01-01</xbrli:startDate>
        <xbrli:endDate>2019-05-31</xbrli:endDate>
      </xbrli:period>
    </xbrli:context>
    <xbrli:context id="From2019-01-01to2019-05-31_RectangularMember">
      <xbrli:entity>
        <xbrli:identifier scheme="http://www.irs.gov/TaxIdentifier">00-12345678</xbrli:identifier>
        <xbrli:segment>
          <xbrldi:explicitMember dimension="widget:WidgetTypeAxis">widget:RectangularMember</xbrldi:explicitMember>
        </xbrli:segment>
      </xbrli:entity>
      <xbrli:period>
        <xbrli:startDate>2019-01-01</xbrli:startDate>
        <xbrli:endDate>2019-05-31</xbrli:endDate>
      </xbrli:period>
    </xbrli:context>
    <xbrli:context id="From2019-01-01to2019-05-31_TriangularMember">
      <xbrli:entity>
        <xbrli:identifier scheme="http://www.irs.gov/TaxIdentifier">00-12345678</xbrli:identifier>
        <xbrli:segment>
          <xbrldi:explicitMember dimension="widget:WidgetTypeAxis">widget:TriangularMember</xbrldi:explicitMember>
        </xbrli:segment>
      </xbrli:entity>
      <xbrli:period>
        <xbrli:startDate>2019-01-01</xbrli:startDate>
        <xbrli:endDate>2019-05-31</xbrli:endDate>
      </xbrli:period>
    </xbrli:context>
    <xbrli:context id="AsOf2019-05-31">
      <xbrli:entity>
        <xbrli:identifier scheme="http://www.irs.gov/TaxIdentifier">00-12345678</xbrli:identifier>
      </xbrli:entity>
      <xbrli:period>
        <xbrli:instant>2019-05-31</xbrli:instant>
      </xbrli:period>
    </xbrli:context>
    <xbrli:context id="AsOf2019-05-31_CircularMember">
      <xbrli:entity>
        <xbrli:identifier scheme="http://www.irs.gov/TaxIdentifier">00-12345678</xbrli:identifier>
        <xbrli:segment>
          <xbrldi:explicitMember dimension="widget:WidgetTypeAxis">widget:CircularMember</xbrldi:explicitMember>
        </xbrli:segment>
      </xbrli:entity>
      <xbrli:period>
        <xbrli:instant>2019-05-31</xbrli:instant>
      </xbrli:period>
    </xbrli:context>
    <xbrli:context id="AsOf2019-05-31_RectangularMember">
      <xbrli:entity>
        <xbrli:identifier scheme="http://www.irs.gov/TaxIdentifier">00-12345678</xbrli:identifier>
        <xbrli:segment>
          <xbrldi:explicitMember dimension="widget:WidgetTypeAxis">widget:RectangularMember</xbrldi:explicitMember>
        </xbrli:segment>
      </xbrli:entity>
      <xbrli:period>
        <xbrli:instant>2019-05-31</xbrli:instant>
      </xbrli:period>
    </xbrli:context>
    <xbrli:context id="AsOf2019-05-31_TriangularMember">
      <xbrli:entity>
        <xbrli:identifier scheme="http://www.irs.gov/TaxIdentifier">00-12345678</xbrli:identifier>
        <xbrli:segment>
          <xbrldi:explicitMember dimension="widget:WidgetTypeAxis">widget:TriangularMember</xbrldi:explicitMember>
        </xbrli:segment>
      </xbrli:entity>
      <xbrli:period>
        <xbrli:instant>2019-05-31</xbrli:instant>
      </xbrli:period>
    </xbrli:context>
    <xbrli:context id="AsOf2019-01-31_CircularMember_InvoiceWCO-0001">
      <xbrli:entity>
        <xbrli:identifier scheme="http://www.irs.gov/TaxIdentifier">00-12345678</xbrli:identifier>
        <xbrli:segment>
          <xbrldi:explicitMember dimension="widget:WidgetTypeAxis">widget:CircularMember</xbrldi:explicitMember>
          <xbrldi:typedMember dimension="widget:InvoiceAxis"><widget:InvoiceAxis.domain>WCO-0001</widget:InvoiceAxis.domain></xbrldi:typedMember>
        </xbrli:segment>
      </xbrli:entity>
      <xbrli:period>
        <xbrli:instant>2019-01-31</xbrli:instant>
      </xbrli:period>
    </xbrli:context>
    <xbrli:context id="AsOf2019-01-03_RectangularMember_InvoiceWCO-0002">
      <xbrli:entity>
        <xbrli:identifier scheme="http://www.irs.gov/TaxIdentifier">00-12345678</xbrli:identifier>
        <xbrli:segment>
          <xbrldi:explicitMember dimension="widget:WidgetTypeAxis">widget:RectangularMember</xbrldi:explicitMember>
          <xbrldi:typedMember dimension="widget:InvoiceAxis"><widget:InvoiceAxis.domain>WCO-0002</widget:InvoiceAxis.domain></xbrldi:typedMember>
        </xbrli:segment>
      </xbrli:entity>
      <xbrli:period>
        <xbrli:instant>2019-01-03</xbrli:instant>
      </xbrli:period>
    </xbrli:context>
    <xbrli:context id="AsOf2019-03-23_CircularMember_InvoiceWCO-0003">
      <xbrli:entity>
        <xbrli:identifier scheme="http://www.irs.gov/TaxIdentifier">00-12345678</xbrli:identifier>
        <xbrli:segment>
          <xbrldi:explicitMember dimension="widget:WidgetTypeAxis">widget:CircularMember</xbrldi:explicitMember>
          <xbrldi:typedMember dimension="widget:InvoiceAxis"><widget:InvoiceAxis.domain>WCO-0003</widget:InvoiceAxis.domain></xbrldi:typedMember>
        </xbrli:segment>
      </xbrli:entity>
      <xbrli:period>
        <xbrli:instant>2019-03-23</xbrli:instant>
      </xbrli:period>
    </xbrli:context>
    <xbrli:context id="AsOf2019-04-16_TriangularMember_InvoiceWCO-0004">
      <xbrli:entity>
        <xbrli:identifier scheme="http://www.irs.gov/TaxIdentifier">00-12345678</xbrli:identifier>
        <xbrli:segment>
          <xbrldi:explicitMember dimension="widget:WidgetTypeAxis">widget:TriangularMember</xbrldi:explicitMember>
          <xbrldi:typedMember dimension="widget:InvoiceAxis"><widget:InvoiceAxis.domain>WCO-0004</widget:InvoiceAxis.domain></xbrldi:typedMember>
        </xbrli:segment>
      </xbrli:entity>
      <xbrli:period>
        <xbrli:instant>2019-04-16</xbrli:instant>
      </xbrli:period>
    </xbrli:context>
    <xbrli:context id="AsOf2019-05-22_TriangularMember_InvoiceWCO-0005">
      <xbrli:entity>
        <xbrli:identifier scheme="http://www.irs.gov/TaxIdentifier">00-12345678</xbrli:identifier>
        <xbrli:segment>
          <xbrldi:explicitMember dimension="widget:WidgetTypeAxis">widget:TriangularMember</xbrldi:explicitMember>
          <xbrldi:typedMember dimension="widget:InvoiceAxis"><widget:InvoiceAxis.domain>WCO-0005</widget:InvoiceAxis.domain></xbrldi:typedMember>
        </xbrli:segment>
      </xbrli:entity>
      <xbrli:period>
        <xbrli:instant>2019-05-22</xbrli:instant>
      </xbrli:period>
    </xbrli:context>

    <!-- Units -->
    <xbrli:unit id="USD">
      <xbrli:measure>iso4217:USD</xbrli:measure>
    </xbrli:unit>
    <xbrli:unit id="Widgets">
      <xbrli:measure>WCo:Widgets</xbrli:measure>
    </xbrli:unit>
    <xbrli:unit id="USDPWidget">
      <xbrli:divide>
        <xbrli:unitNumerator>
          <xbrli:measure>iso4217:USD</xbrli:measure>
        </xbrli:unitNumerator>
        <xbrli:unitDenominator>
          <xbrli:measure>WCo:Widget</xbrli:measure>
        </xbrli:unitDenominator>
      </xbrli:divide>
    </xbrli:unit>

    <!-- Facts -->
    <widget:CustomerName contextRef="AsOf2019-01-31_CircularMember_InvoiceWCO-0001">Joe Smith</widget:CustomerName>
    <widget:WidgetsSold contextRef="AsOf2019-01-31_CircularMember_InvoiceWCO-0001" unitRef="Widgets" decimals="0">500</widget:WidgetsSold>
    <widget:WidgetSaleIncome contextRef="AsOf2019-01-31_CircularMember_InvoiceWCO-0001" unitRef="USD" decimals="2">2500.00</widget:WidgetSaleIncome>
    <widget:PricePerWidget contextRef="AsOf2019-01-31_CircularMember_InvoiceWCO-0001" unitRef="USDPWidget" decimals="2">5.00</widget:PricePerWidget>
    <widget:OrderDate contextRef="AsOf2019-01-31_CircularMember_InvoiceWCO-0001">2019-01-31</widget:OrderDate>

    <widget:CustomerName contextRef="AsOf2019-01-03_RectangularMember_InvoiceWCO-0002">Bob Green</widget:CustomerName>
    <widget:WidgetsSold contextRef="AsOf2019-01-03_RectangularMember_InvoiceWCO-0002" unitRef="Widgets" decimals="0">750</widget:WidgetsSold>
    <widget:WidgetSaleIncome contextRef="AsOf2019-01-03_RectangularMember_InvoiceWCO-0002" unitRef="USD" decimals="2">7500.00</widget:WidgetSaleIncome>
    <widget:PricePerWidget contextRef="AsOf2019-01-03_RectangularMember_InvoiceWCO-0002" unitRef="USDPWidget" decimals="2">10.00</widget:PricePerWidget>
    <widget:OrderDate contextRef="AsOf2019-01-03_RectangularMember_InvoiceWCO-0002">2019-01-03</widget:OrderDate>

    <widget:CustomerName contextRef="AsOf2019-03-23_CircularMember_InvoiceWCO-0003">Bob Green</widget:CustomerName>
    <widget:WidgetsSold contextRef="AsOf2019-03-23_CircularMember_InvoiceWCO-0003" unitRef="Widgets" decimals="0">100</widget:WidgetsSold>
    <widget:WidgetSaleIncome contextRef="AsOf2019-03-23_CircularMember_InvoiceWCO-0003" unitRef="USD" decimals="2">500.00</widget:WidgetSaleIncome>
    <widget:PricePerWidget contextRef="AsOf2019-03-23_CircularMember_InvoiceWCO-0003" unitRef="USDPWidget" decimals="2">5.00</widget:PricePerWidget>
    <widget:OrderDate contextRef="AsOf2019-03-23_CircularMember_InvoiceWCO-0003">2019-03-23</widget:OrderDate>

    <widget:CustomerName contextRef="AsOf2019-04-16_TriangularMember_InvoiceWCO-0004">Jane Doe</widget:CustomerName>
    <widget:WidgetsSold contextRef="AsOf2019-04-16_TriangularMember_InvoiceWCO-0004" unitRef="Widgets" decimals="0">200</widget:WidgetsSold>
    <widget:WidgetSaleIncome contextRef="AsOf2019-04-16_TriangularMember_InvoiceWCO-0004" unitRef="USD" decimals="2">5000.00</widget:WidgetSaleIncome>
    <widget:PricePerWidget contextRef="AsOf2019-04-16_TriangularMember_InvoiceWCO-0004" unitRef="USDPWidget" decimals="2">25.00</widget:PricePerWidget>
    <widget:OrderDate contextRef="AsOf2019-04-16_TriangularMember_InvoiceWCO-0004">2019-04-16</widget:OrderDate>

    <widget:CustomerName contextRef="AsOf2019-05-22_TriangularMember_InvoiceWCO-0005">Jane Doe</widget:CustomerName>
    <widget:WidgetsSold contextRef="AsOf2019-05-22_TriangularMember_InvoiceWCO-0005" unitRef="Widgets" decimals="0">350</widget:WidgetsSold>
    <widget:WidgetSaleIncome contextRef="AsOf2019-05-22_TriangularMember_InvoiceWCO-0005" unitRef="USD" decimals="2">7000.00</widget:WidgetSaleIncome>
    <widget:PricePerWidget contextRef="AsOf2019-05-22_TriangularMember_InvoiceWCO-0005" unitRef="USDPWidget" decimals="2">20.00</widget:PricePerWidget>
    <widget:OrderDate contextRef="AsOf2019-05-22_TriangularMember_InvoiceWCO-0005">2019-05-22</widget:OrderDate>

    <widget:WidgetSales contextRef="From2019-01-01to2019-05-31_CircularMember" unitRef="USD" decimals="2">3000.00</widget:WidgetSales>
    <widget:WidgetExpenses contextRef="From2019-01-01to2019-05-31_CircularMember" unitRef="USD" decimals="2">1000.00</widget:WidgetExpenses>
    <widget:Revenue contextRef="From2019-01-01to2019-05-31_CircularMember" unitRef="USD" decimals="2">2000.00</widget:Revenue>

    <widget:WidgetSales contextRef="From2019-01-01to2019-05-31_RectangularMember" unitRef="USD" decimals="2">7500.00</widget:WidgetSales>
    <widget:WidgetExpenses contextRef="From2019-01-01to2019-05-31_RectangularMember" unitRef="USD" decimals="2">1600.00</widget:WidgetExpenses>
    <widget:Revenue contextRef="From2019-01-01to2019-05-31_RectangularMember" unitRef="USD" decimals="2">5900.00</widget:Revenue>

    <widget:WidgetSales contextRef="From2019-01-01to2019-05-31_TriangularMember" unitRef="USD" decimals="2">12000.00</widget:WidgetSales>
    <widget:WidgetExpenses contextRef="From2019-01-01to2019-05-31_TriangularMember" unitRef="USD" decimals="2">10000.00</widget:WidgetExpenses>
    <widget:Revenue contextRef="From2019-01-01to2019-05-31_TriangularMember" unitRef="USD" decimals="2">2000.00</widget:Revenue>

    <widget:WidgetSales contextRef="From2019-01-01to2019-05-31" unitRef="USD" decimals="2">21500.00</widget:WidgetSales>
    <widget:WidgetExpenses contextRef="From2019-01-01to2019-05-31" unitRef="USD" decimals="2">12600.00</widget:WidgetExpenses>
    <widget:Revenue contextRef="From2019-01-01to2019-05-31" unitRef="USD" decimals="2">9900.00</widget:Revenue>

</xbrli:xbrl>
